[{"model": "admin.logentry", "pk": 1, "fields": {"action_time": "2023-11-25T19:15:09.194Z", "user": 1, "content_type": 5, "object_id": "1", "object_repr": "admin", "action_flag": 2, "change_message": "[{\"changed\": {\"fields\": [\"\\u041f\\u043e\\u043b\", \"\\u0422\\u0435\\u043b\\u0435\\u0444\\u043e\\u043d\", \"\\u0424\\u043e\\u0442\\u043e\"]}}]"}}, {"model": "admin.logentry", "pk": 2, "fields": {"action_time": "2023-11-26T15:46:08.855Z", "user": 1, "content_type": 7, "object_id": "1", "object_repr": "поп", "action_flag": 1, "change_message": "[{\"added\": {}}]"}}, {"model": "admin.logentry", "pk": 3, "fields": {"action_time": "2023-11-26T15:46:24.321Z", "user": 1, "content_type": 7, "object_id": "2", "object_repr": "рэп", "action_flag": 1, "change_message": "[{\"added\": {}}]"}}, {"model": "admin.logentry", "pk": 4, "fields": {"action_time": "2023-11-26T15:46:28.970Z", "user": 1, "content_type": 7, "object_id": "3", "object_repr": "рок", "action_flag": 1, "change_message": "[{\"added\": {}}]"}}, {"model": "admin.logentry", "pk": 5, "fields": {"action_time": "2023-11-26T15:46:42.597Z", "user": 1, "content_type": 7, "object_id": "4", "object_repr": "джаз", "action_flag": 1, "change_message": "[{\"added\": {}}]"}}, {"model": "admin.logentry", "pk": 6, "fields": {"action_time": "2023-11-26T15:47:05.530Z", "user": 1, "content_type": 7, "object_id": "4", "object_repr": "Джаз", "action_flag": 2, "change_message": "[{\"changed\": {\"fields\": [\"\\u0416\\u0430\\u043d\\u0440\"]}}]"}}, {"model": "admin.logentry", "pk": 7, "fields": {"action_time": "2023-11-26T15:47:11.364Z", "user": 1, "content_type": 7, "object_id": "1", "object_repr": "Поп", "action_flag": 2, "change_message": "[{\"changed\": {\"fields\": [\"\\u0416\\u0430\\u043d\\u0440\"]}}]"}}, {"model": "admin.logentry", "pk": 8, "fields": {"action_time": "2023-11-26T15:47:17.715Z", "user": 1, "content_type": 7, "object_id": "3", "object_repr": "Рок", "action_flag": 2, "change_message": "[{\"changed\": {\"fields\": [\"\\u0416\\u0430\\u043d\\u0440\"]}}]"}}, {"model": "admin.logentry", "pk": 9, "fields": {"action_time": "2023-11-26T15:47:23.385Z", "user": 1, "content_type": 7, "object_id": "2", "object_repr": "Рэп", "action_flag": 2, "change_message": "[{\"changed\": {\"fields\": [\"\\u0416\\u0430\\u043d\\u0440\"]}}]"}}, {"model": "admin.logentry", "pk": 10, "fields": {"action_time": "2023-11-26T15:48:19.434Z", "user": 1, "content_type": 7, "object_id": "5", "object_repr": "Фонк", "action_flag": 1, "change_message": "[{\"added\": {}}]"}}, {"model": "admin.logentry", "pk": 11, "fields": {"action_time": "2023-11-26T15:58:37.353Z", "user": 1, "content_type": 9, "object_id": "2", "object_repr": "Singer object (2)", "action_flag": 1, "change_message": "[{\"added\": {}}]"}}, {"model": "admin.logentry", "pk": 12, "fields": {"action_time": "2023-11-26T16:05:38.571Z", "user": 1, "content_type": 9, "object_id": "3", "object_repr": "Singer object (3)", "action_flag": 1, "change_message": "[{\"added\": {}}]"}}, {"model": "admin.logentry", "pk": 13, "fields": {"action_time": "2023-11-26T16:11:46.819Z", "user": 1, "content_type": 9, "object_id": "4", "object_repr": "Singer object (4)", "action_flag": 1, "change_message": "[{\"added\": {}}]"}}, {"model": "admin.logentry", "pk": 14, "fields": {"action_time": "2023-11-26T16:16:32.970Z", "user": 1, "content_type": 9, "object_id": "3", "object_repr": "Singer object (3)", "action_flag": 2, "change_message": "[{\"changed\": {\"fields\": [\"\\u0418\\u043c\\u044f \\u0438\\u0441\\u043f\\u043e\\u043b\\u043d\\u0438\\u0442\\u0435\\u043b\\u044f\", \"\\u0424\\u0430\\u043c\\u0438\\u043b\\u0438\\u044f \\u0438\\u0441\\u043f\\u043e\\u043b\\u043d\\u0438\\u0442\\u0435\\u043b\\u044f\", \"Photo\", \"\\u0411\\u0438\\u043e\\u0433\\u0440\\u0430\\u0444\\u0438\\u044f\"]}}]"}}, {"model": "admin.logentry", "pk": 15, "fields": {"action_time": "2023-11-26T16:24:51.357Z", "user": 1, "content_type": 9, "object_id": "5", "object_repr": "Singer object (5)", "action_flag": 1, "change_message": "[{\"added\": {}}]"}}, {"model": "admin.logentry", "pk": 16, "fields": {"action_time": "2023-11-26T16:27:04.677Z", "user": 1, "content_type": 7, "object_id": "5", "object_repr": "Фонк", "action_flag": 3, "change_message": ""}}, {"model": "admin.logentry", "pk": 17, "fields": {"action_time": "2023-11-26T16:27:19.981Z", "user": 1, "content_type": 7, "object_id": "6", "object_repr": "Классика", "action_flag": 1, "change_message": "[{\"added\": {}}]"}}, {"model": "admin.logentry", "pk": 18, "fields": {"action_time": "2023-11-26T16:33:27.024Z", "user": 1, "content_type": 9, "object_id": "6", "object_repr": "Singer object (6)", "action_flag": 1, "change_message": "[{\"added\": {}}]"}}, {"model": "admin.logentry", "pk": 19, "fields": {"action_time": "2023-11-26T16:45:57.177Z", "user": 1, "content_type": 9, "object_id": "7", "object_repr": "Singer object (7)", "action_flag": 1, "change_message": "[{\"added\": {}}]"}}, {"model": "admin.logentry", "pk": 20, "fields": {"action_time": "2023-11-26T16:48:57.206Z", "user": 1, "content_type": 9, "object_id": "8", "object_repr": "Singer object (8)", "action_flag": 1, "change_message": "[{\"added\": {}}]"}}, {"model": "admin.logentry", "pk": 21, "fields": {"action_time": "2023-11-26T16:52:16.217Z", "user": 1, "content_type": 9, "object_id": "9", "object_repr": "Singer object (9)", "action_flag": 1, "change_message": "[{\"added\": {}}]"}}, {"model": "admin.logentry", "pk": 22, "fields": {"action_time": "2023-11-26T16:53:39.326Z", "user": 1, "content_type": 9, "object_id": "10", "object_repr": "Singer object (10)", "action_flag": 1, "change_message": "[{\"added\": {}}]"}}, {"model": "admin.logentry", "pk": 23, "fields": {"action_time": "2023-11-26T16:54:02.050Z", "user": 1, "content_type": 9, "object_id": "8", "object_repr": "Singer object (8)", "action_flag": 2, "change_message": "[{\"changed\": {\"fields\": [\"\\u0411\\u0438\\u043e\\u0433\\u0440\\u0430\\u0444\\u0438\\u044f\"]}}]"}}, {"model": "admin.logentry", "pk": 24, "fields": {"action_time": "2023-11-26T16:54:23.516Z", "user": 1, "content_type": 9, "object_id": "9", "object_repr": "Singer object (9)", "action_flag": 2, "change_message": "[{\"changed\": {\"fields\": [\"\\u0411\\u0438\\u043e\\u0433\\u0440\\u0430\\u0444\\u0438\\u044f\"]}}]"}}, {"model": "admin.logentry", "pk": 25, "fields": {"action_time": "2023-11-26T17:02:07.968Z", "user": 1, "content_type": 8, "object_id": "1", "object_repr": "Ирина Кайратовна", "action_flag": 1, "change_message": "[{\"added\": {}}]"}}, {"model": "admin.logentry", "pk": 26, "fields": {"action_time": "2023-11-26T19:18:44.287Z", "user": 1, "content_type": 9, "object_id": "11", "object_repr": "Чон Чонгук", "action_flag": 1, "change_message": "[{\"added\": {}}]"}}, {"model": "admin.logentry", "pk": 27, "fields": {"action_time": "2023-11-26T19:20:28.760Z", "user": 1, "content_type": 9, "object_id": "12", "object_repr": "Ким Тхэхён", "action_flag": 1, "change_message": "[{\"added\": {}}]"}}, {"model": "admin.logentry", "pk": 28, "fields": {"action_time": "2023-11-26T19:21:56.701Z", "user": 1, "content_type": 9, "object_id": "13", "object_repr": "Пак Чимин", "action_flag": 1, "change_message": "[{\"added\": {}}]"}}, {"model": "admin.logentry", "pk": 29, "fields": {"action_time": "2023-11-26T19:22:16.323Z", "user": 1, "content_type": 9, "object_id": "12", "object_repr": "Ким Тхэхён", "action_flag": 2, "change_message": "[{\"changed\": {\"fields\": [\"\\u0411\\u0438\\u043e\\u0433\\u0440\\u0430\\u0444\\u0438\\u044f\"]}}]"}}, {"model": "admin.logentry", "pk": 30, "fields": {"action_time": "2023-11-26T19:23:49.036Z", "user": 1, "content_type": 9, "object_id": "14", "object_repr": "Мин Юнги", "action_flag": 1, "change_message": "[{\"added\": {}}]"}}, {"model": "admin.logentry", "pk": 31, "fields": {"action_time": "2023-11-26T19:25:26.419Z", "user": 1, "content_type": 9, "object_id": "15", "object_repr": "Ким Сокчин", "action_flag": 1, "change_message": "[{\"added\": {}}]"}}, {"model": "admin.logentry", "pk": 32, "fields": {"action_time": "2023-11-26T19:26:55.420Z", "user": 1, "content_type": 9, "object_id": "16", "object_repr": "Ким Намджун", "action_flag": 1, "change_message": "[{\"added\": {}}]"}}, {"model": "admin.logentry", "pk": 33, "fields": {"action_time": "2023-11-26T19:28:39.150Z", "user": 1, "content_type": 9, "object_id": "17", "object_repr": "Чон Хосок", "action_flag": 1, "change_message": "[{\"added\": {}}]"}}, {"model": "admin.logentry", "pk": 34, "fields": {"action_time": "2023-11-26T19:34:52.864Z", "user": 1, "content_type": 8, "object_id": "2", "object_repr": "BTS", "action_flag": 1, "change_message": "[{\"added\": {}}]"}}, {"model": "admin.logentry", "pk": 35, "fields": {"action_time": "2023-11-26T19:39:40.360Z", "user": 1, "content_type": 9, "object_id": "18", "object_repr": "Брайан Мэй", "action_flag": 1, "change_message": "[{\"added\": {}}]"}}, {"model": "admin.logentry", "pk": 36, "fields": {"action_time": "2023-11-26T19:41:54.957Z", "user": 1, "content_type": 9, "object_id": "19", "object_repr": "Джон Дикон", "action_flag": 1, "change_message": "[{\"added\": {}}]"}}, {"model": "admin.logentry", "pk": 37, "fields": {"action_time": "2023-11-26T19:43:18.988Z", "user": 1, "content_type": 9, "object_id": "20", "object_repr": "Роджер Тейлор", "action_flag": 1, "change_message": "[{\"added\": {}}]"}}, {"model": "admin.logentry", "pk": 38, "fields": {"action_time": "2023-11-26T19:44:40.713Z", "user": 1, "content_type": 9, "object_id": "21", "object_repr": "Майк Гроуз", "action_flag": 1, "change_message": "[{\"added\": {}}]"}}, {"model": "admin.logentry", "pk": 39, "fields": {"action_time": "2023-11-26T19:46:01.462Z", "user": 1, "content_type": 9, "object_id": "22", "object_repr": "Даг Боги", "action_flag": 1, "change_message": "[{\"added\": {}}]"}}, {"model": "admin.logentry", "pk": 40, "fields": {"action_time": "2023-11-26T19:47:08.275Z", "user": 1, "content_type": 9, "object_id": "23", "object_repr": "Барри Митчелл", "action_flag": 1, "change_message": "[{\"added\": {}}]"}}, {"model": "admin.logentry", "pk": 41, "fields": {"action_time": "2023-11-26T19:51:14.397Z", "user": 1, "content_type": 8, "object_id": "3", "object_repr": "Queen", "action_flag": 1, "change_message": "[{\"added\": {}}]"}}, {"model": "admin.logentry", "pk": 42, "fields": {"action_time": "2023-11-26T20:48:04.324Z", "user": 1, "content_type": 10, "object_id": "1", "object_repr": "Black Swan", "action_flag": 1, "change_message": "[{\"added\": {}}]"}}, {"model": "admin.logentry", "pk": 43, "fields": {"action_time": "2023-11-26T20:52:41.623Z", "user": 1, "content_type": 10, "object_id": "2", "object_repr": "We Will Rock You", "action_flag": 1, "change_message": "[{\"added\": {}}]"}}, {"model": "admin.logentry", "pk": 44, "fields": {"action_time": "2023-11-26T20:57:35.050Z", "user": 1, "content_type": 10, "object_id": "3", "object_repr": "5000", "action_flag": 1, "change_message": "[{\"added\": {}}]"}}, {"model": "admin.logentry", "pk": 45, "fields": {"action_time": "2023-11-26T21:01:30.674Z", "user": 1, "content_type": 10, "object_id": "4", "object_repr": "Seven", "action_flag": 1, "change_message": "[{\"added\": {}}]"}}, {"model": "admin.logentry", "pk": 46, "fields": {"action_time": "2023-11-26T21:04:45.006Z", "user": 1, "content_type": 10, "object_id": "5", "object_repr": "Bohemian Rhapsody", "action_flag": 1, "change_message": "[{\"added\": {}}]"}}, {"model": "admin.logentry", "pk": 47, "fields": {"action_time": "2023-11-26T21:07:51.294Z", "user": 1, "content_type": 10, "object_id": "6", "object_repr": "Чина", "action_flag": 1, "change_message": "[{\"added\": {}}]"}}, {"model": "admin.logentry", "pk": 48, "fields": {"action_time": "2023-11-26T21:10:41.667Z", "user": 1, "content_type": 10, "object_id": "7", "object_repr": "Credo", "action_flag": 1, "change_message": "[{\"added\": {}}]"}}, {"model": "admin.logentry", "pk": 49, "fields": {"action_time": "2023-11-26T21:15:29.467Z", "user": 1, "content_type": 10, "object_id": "8", "object_repr": "Положение", "action_flag": 1, "change_message": "[{\"added\": {}}]"}}, {"model": "admin.logentry", "pk": 50, "fields": {"action_time": "2023-11-26T21:20:34.718Z", "user": 1, "content_type": 10, "object_id": "9", "object_repr": "Hit the road Jack", "action_flag": 1, "change_message": "[{\"added\": {}}]"}}, {"model": "admin.logentry", "pk": 51, "fields": {"action_time": "2023-11-26T21:24:06.342Z", "user": 1, "content_type": 10, "object_id": "10", "object_repr": "Eine kleine Nachtmusik", "action_flag": 1, "change_message": "[{\"added\": {}}]"}}, {"model": "admin.logentry", "pk": 52, "fields": {"action_time": "2023-11-29T19:11:19.509Z", "user": 1, "content_type": 13, "object_id": "1", "object_repr": "Photo object (1)", "action_flag": 1, "change_message": "[{\"added\": {}}]"}}, {"model": "admin.logentry", "pk": 53, "fields": {"action_time": "2023-11-29T19:12:46.242Z", "user": 1, "content_type": 14, "object_id": "1", "object_repr": "\"На высшем уровне\": снятый в Алматы новый клип Скриптонита воодушевил фанатов", "action_flag": 1, "change_message": "[{\"added\": {}}]"}}, {"model": "admin.logentry", "pk": 54, "fields": {"action_time": "2023-11-29T19:16:53.608Z", "user": 1, "content_type": 13, "object_id": "2", "object_repr": "Photo object (2)", "action_flag": 1, "change_message": "[{\"added\": {}}]"}}, {"model": "admin.logentry", "pk": 55, "fields": {"action_time": "2023-11-29T19:17:15.110Z", "user": 1, "content_type": 14, "object_id": "1", "object_repr": "\"На высшем уровне\": снятый в Алматы новый клип Скриптонита воодушевил фанатов", "action_flag": 2, "change_message": "[{\"changed\": {\"fields\": [\"Photos\"]}}]"}}, {"model": "admin.logentry", "pk": 56, "fields": {"action_time": "2023-11-30T08:27:53.359Z", "user": 1, "content_type": 13, "object_id": "3", "object_repr": "Скрип-3", "action_flag": 1, "change_message": "[{\"added\": {}}]"}}, {"model": "admin.logentry", "pk": 57, "fields": {"action_time": "2023-11-30T08:28:11.446Z", "user": 1, "content_type": 14, "object_id": "1", "object_repr": "\"На высшем уровне\": снятый в Алматы новый клип Скриптонита воодушевил фанатов", "action_flag": 2, "change_message": "[{\"changed\": {\"fields\": [\"Photos\"]}}]"}}, {"model": "admin.logentry", "pk": 58, "fields": {"action_time": "2023-11-30T08:42:10.616Z", "user": 1, "content_type": 13, "object_id": "4", "object_repr": "ик-1", "action_flag": 1, "change_message": "[{\"added\": {}}]"}}, {"model": "admin.logentry", "pk": 59, "fields": {"action_time": "2023-11-30T08:55:08.337Z", "user": 1, "content_type": 14, "object_id": "2", "object_repr": "Смерть мобилографа \"Ирины Кайратовны\": названа официальная причина", "action_flag": 1, "change_message": "[{\"added\": {}}]"}}, {"model": "admin.logentry", "pk": 60, "fields": {"action_time": "2023-11-30T09:17:09.520Z", "user": 1, "content_type": 13, "object_id": "5", "object_repr": "zivert-1", "action_flag": 1, "change_message": "[{\"added\": {}}]"}}, {"model": "admin.logentry", "pk": 61, "fields": {"action_time": "2023-11-30T09:26:32.979Z", "user": 1, "content_type": 14, "object_id": "3", "object_repr": "Певица Zivert выпустила третий студийный альбом", "action_flag": 1, "change_message": "[{\"added\": {}}]"}}, {"model": "admin.logentry", "pk": 62, "fields": {"action_time": "2023-11-30T09:37:07.036Z", "user": 1, "content_type": 13, "object_id": "6", "object_repr": "bts-1", "action_flag": 1, "change_message": "[{\"added\": {}}]"}}, {"model": "admin.logentry", "pk": 63, "fields": {"action_time": "2023-11-30T09:39:35.391Z", "user": 1, "content_type": 14, "object_id": "4", "object_repr": "Солист корейской группы BTS отправился служить в армию", "action_flag": 1, "change_message": "[{\"added\": {}}]"}}, {"model": "auth.permission", "pk": 1, "fields": {"name": "Can add permission", "content_type": 1, "codename": "add_permission"}}, {"model": "auth.permission", "pk": 2, "fields": {"name": "Can change permission", "content_type": 1, "codename": "change_permission"}}, {"model": "auth.permission", "pk": 3, "fields": {"name": "Can delete permission", "content_type": 1, "codename": "delete_permission"}}, {"model": "auth.permission", "pk": 4, "fields": {"name": "Can view permission", "content_type": 1, "codename": "view_permission"}}, {"model": "auth.permission", "pk": 5, "fields": {"name": "Can add group", "content_type": 2, "codename": "add_group"}}, {"model": "auth.permission", "pk": 6, "fields": {"name": "Can change group", "content_type": 2, "codename": "change_group"}}, {"model": "auth.permission", "pk": 7, "fields": {"name": "Can delete group", "content_type": 2, "codename": "delete_group"}}, {"model": "auth.permission", "pk": 8, "fields": {"name": "Can view group", "content_type": 2, "codename": "view_group"}}, {"model": "auth.permission", "pk": 9, "fields": {"name": "Can add content type", "content_type": 3, "codename": "add_contenttype"}}, {"model": "auth.permission", "pk": 10, "fields": {"name": "Can change content type", "content_type": 3, "codename": "change_contenttype"}}, {"model": "auth.permission", "pk": 11, "fields": {"name": "Can delete content type", "content_type": 3, "codename": "delete_contenttype"}}, {"model": "auth.permission", "pk": 12, "fields": {"name": "Can view content type", "content_type": 3, "codename": "view_contenttype"}}, {"model": "auth.permission", "pk": 13, "fields": {"name": "Can add session", "content_type": 4, "codename": "add_session"}}, {"model": "auth.permission", "pk": 14, "fields": {"name": "Can change session", "content_type": 4, "codename": "change_session"}}, {"model": "auth.permission", "pk": 15, "fields": {"name": "Can delete session", "content_type": 4, "codename": "delete_session"}}, {"model": "auth.permission", "pk": 16, "fields": {"name": "Can view session", "content_type": 4, "codename": "view_session"}}, {"model": "auth.permission", "pk": 17, "fields": {"name": "Can add user", "content_type": 5, "codename": "add_user"}}, {"model": "auth.permission", "pk": 18, "fields": {"name": "Can change user", "content_type": 5, "codename": "change_user"}}, {"model": "auth.permission", "pk": 19, "fields": {"name": "Can delete user", "content_type": 5, "codename": "delete_user"}}, {"model": "auth.permission", "pk": 20, "fields": {"name": "Can view user", "content_type": 5, "codename": "view_user"}}, {"model": "auth.permission", "pk": 21, "fields": {"name": "Can add log entry", "content_type": 6, "codename": "add_logentry"}}, {"model": "auth.permission", "pk": 22, "fields": {"name": "Can change log entry", "content_type": 6, "codename": "change_logentry"}}, {"model": "auth.permission", "pk": 23, "fields": {"name": "Can delete log entry", "content_type": 6, "codename": "delete_logentry"}}, {"model": "auth.permission", "pk": 24, "fields": {"name": "Can view log entry", "content_type": 6, "codename": "view_logentry"}}, {"model": "auth.permission", "pk": 25, "fields": {"name": "Can add Жанр", "content_type": 7, "codename": "add_genre"}}, {"model": "auth.permission", "pk": 26, "fields": {"name": "Can change Жанр", "content_type": 7, "codename": "change_genre"}}, {"model": "auth.permission", "pk": 27, "fields": {"name": "Can delete Жанр", "content_type": 7, "codename": "delete_genre"}}, {"model": "auth.permission", "pk": 28, "fields": {"name": "Can view Жанр", "content_type": 7, "codename": "view_genre"}}, {"model": "auth.permission", "pk": 29, "fields": {"name": "Can add group", "content_type": 8, "codename": "add_group"}}, {"model": "auth.permission", "pk": 30, "fields": {"name": "Can change group", "content_type": 8, "codename": "change_group"}}, {"model": "auth.permission", "pk": 31, "fields": {"name": "Can delete group", "content_type": 8, "codename": "delete_group"}}, {"model": "auth.permission", "pk": 32, "fields": {"name": "Can view group", "content_type": 8, "codename": "view_group"}}, {"model": "auth.permission", "pk": 33, "fields": {"name": "Can add singer", "content_type": 9, "codename": "add_singer"}}, {"model": "auth.permission", "pk": 34, "fields": {"name": "Can change singer", "content_type": 9, "codename": "change_singer"}}, {"model": "auth.permission", "pk": 35, "fields": {"name": "Can delete singer", "content_type": 9, "codename": "delete_singer"}}, {"model": "auth.permission", "pk": 36, "fields": {"name": "Can view singer", "content_type": 9, "codename": "view_singer"}}, {"model": "auth.permission", "pk": 37, "fields": {"name": "Can add Музыка", "content_type": 10, "codename": "add_music"}}, {"model": "auth.permission", "pk": 38, "fields": {"name": "Can change Музыка", "content_type": 10, "codename": "change_music"}}, {"model": "auth.permission", "pk": 39, "fields": {"name": "Can delete Музыка", "content_type": 10, "codename": "delete_music"}}, {"model": "auth.permission", "pk": 40, "fields": {"name": "Can view Музыка", "content_type": 10, "codename": "view_music"}}, {"model": "auth.permission", "pk": 41, "fields": {"name": "Can add photo", "content_type": 11, "codename": "add_photo"}}, {"model": "auth.permission", "pk": 42, "fields": {"name": "Can change photo", "content_type": 11, "codename": "change_photo"}}, {"model": "auth.permission", "pk": 43, "fields": {"name": "Can delete photo", "content_type": 11, "codename": "delete_photo"}}, {"model": "auth.permission", "pk": 44, "fields": {"name": "Can view photo", "content_type": 11, "codename": "view_photo"}}, {"model": "auth.permission", "pk": 45, "fields": {"name": "Can add news", "content_type": 12, "codename": "add_news"}}, {"model": "auth.permission", "pk": 46, "fields": {"name": "Can change news", "content_type": 12, "codename": "change_news"}}, {"model": "auth.permission", "pk": 47, "fields": {"name": "Can delete news", "content_type": 12, "codename": "delete_news"}}, {"model": "auth.permission", "pk": 48, "fields": {"name": "Can view news", "content_type": 12, "codename": "view_news"}}, {"model": "auth.permission", "pk": 49, "fields": {"name": "Can add photo", "content_type": 13, "codename": "add_photo"}}, {"model": "auth.permission", "pk": 50, "fields": {"name": "Can change photo", "content_type": 13, "codename": "change_photo"}}, {"model": "auth.permission", "pk": 51, "fields": {"name": "Can delete photo", "content_type": 13, "codename": "delete_photo"}}, {"model": "auth.permission", "pk": 52, "fields": {"name": "Can view photo", "content_type": 13, "codename": "view_photo"}}, {"model": "auth.permission", "pk": 53, "fields": {"name": "Can add Новость", "content_type": 14, "codename": "add_news"}}, {"model": "auth.permission", "pk": 54, "fields": {"name": "Can change Новость", "content_type": 14, "codename": "change_news"}}, {"model": "auth.permission", "pk": 55, "fields": {"name": "Can delete Новость", "content_type": 14, "codename": "delete_news"}}, {"model": "auth.permission", "pk": 56, "fields": {"name": "Can view Новость", "content_type": 14, "codename": "view_news"}}, {"model": "contenttypes.contenttype", "pk": 1, "fields": {"app_label": "auth", "model": "permission"}}, {"model": "contenttypes.contenttype", "pk": 2, "fields": {"app_label": "auth", "model": "group"}}, {"model": "contenttypes.contenttype", "pk": 3, "fields": {"app_label": "contenttypes", "model": "contenttype"}}, {"model": "contenttypes.contenttype", "pk": 4, "fields": {"app_label": "sessions", "model": "session"}}, {"model": "contenttypes.contenttype", "pk": 5, "fields": {"app_label": "accounts", "model": "user"}}, {"model": "contenttypes.contenttype", "pk": 6, "fields": {"app_label": "admin", "model": "logentry"}}, {"model": "contenttypes.contenttype", "pk": 7, "fields": {"app_label": "music", "model": "genre"}}, {"model": "contenttypes.contenttype", "pk": 8, "fields": {"app_label": "music", "model": "group"}}, {"model": "contenttypes.contenttype", "pk": 9, "fields": {"app_label": "music", "model": "singer"}}, {"model": "contenttypes.contenttype", "pk": 10, "fields": {"app_label": "music", "model": "music"}}, {"model": "contenttypes.contenttype", "pk": 11, "fields": {"app_label": "music", "model": "photo"}}, {"model": "contenttypes.contenttype", "pk": 12, "fields": {"app_label": "music", "model": "news"}}, {"model": "contenttypes.contenttype", "pk": 13, "fields": {"app_label": "news", "model": "photo"}}, {"model": "contenttypes.contenttype", "pk": 14, "fields": {"app_label": "news", "model": "news"}}, {"model": "sessions.session", "pk": "85ch91acip19rbn63o9w8sy1f7x34n2m", "fields": {"session_data": "e30:1r6yy5:lwjSK1ShaESoiEwdZmDF7p5sTf4j1pqTxH9NbwtoLEo", "expire_date": "2023-12-09T20:09:33.509Z"}}, {"model": "sessions.session", "pk": "9dluw5rr1t8lrgqau6e4572n5m8wzw1w", "fields": {"session_data": ".eJxVjDsOgzAQRO_iOrLwBxunTM8ZrPV6NyaJjIShinL3gESRlDPvzbxFhG0tcWu0xCmLq1Di8tslwCfVA-QH1Pssca7rMiV5KPKkTY5zptftdP8OCrSyr6310AejtFeGPaBnhagtD31IpFMw2XqlHSfd2aDRDw6s6RhJMe3Ric8XyNg3dw:1r7HGO:6f1vnzqfz0pEiNCM59Hd9jglveow3SSQ9d2OVA35XGQ", "expire_date": "2023-12-10T15:41:40.118Z"}}, {"model": "accounts.user", "pk": 1, "fields": {"password": "pbkdf2_sha256$600000$zsCK1rtLYucbDO0qySC5EZ$whl9+6IghTBAZRsnueKmf0XDzPGpU4j4G85zSm6YUbo=", "last_login": "2023-11-26T15:41:40.116Z", "is_superuser": true, "first_name": "", "last_name": "", "is_staff": true, "is_active": true, "date_joined": "2023-11-17T12:44:56Z", "username": "admin", "email": "admin@mail.ru", "sex": "Мужчина", "age": null, "phone": "0703060202", "created": "2023-11-17T12:44:56.644Z", "avatar": "media/images/photo_5334517100561161576_y.jpg", "groups": [], "user_permissions": [], "favorite_song": []}}, {"model": "accounts.user", "pk": 2, "fields": {"password": "pbkdf2_sha256$600000$32JrbYGu3td0pgCTyuKed8$ciuNb8h39oMldbP/6LDLRBJXsx+MMuhm61wsehSr8zU=", "last_login": "2023-11-25T20:13:13.527Z", "is_superuser": false, "first_name": "", "last_name": "", "is_staff": false, "is_active": true, "date_joined": "2023-11-25T19:12:55.429Z", "username": "admin2", "email": "admin2@gmail.com", "sex": "Мужчина", "age": null, "phone": "", "created": "2023-11-25T19:12:55.609Z", "avatar": "", "groups": [], "user_permissions": [], "favorite_song": []}}, {"model": "music.singer", "pk": 2, "fields": {"first_name": "Фредди", "last_name": "Меркьюри", "nickname": null, "photo": "singers/Freddi-Merkyuri_044G4fe.jpg", "biography": "Фре́дди Ме́ркьюри — британский рок-певец, композитор и автор песен парсийского происхождения. Вокалист рок-группы Queen.\r\nДата и место рождения: 5 сентября 1946 г., Стон Таун, Танзания\r\nДата и место смерти: 24 ноября 1991 г., Кенсингтон, Лондон, Великобритания\r\nРодители: Боми Булсара, Джер Булсара\r\nМузыкальные группы: Queen (1970 г. – 1991 г.)\r\nНаграды: Премия NME Awards в номинации «Подонок года», Премия Brit Awards за выдающийся вклад в развитие музыки\r\nСестры: Кашмира Кук"}}, {"model": "music.singer", "pk": 3, "fields": {"first_name": "Рэй", "last_name": "Чарльз", "nickname": null, "photo": "singers/Ray.jpeg", "biography": "Рэй Чарльз — американский эстрадный певец и пианист. Пел в различных стилях, особенно прославился как исполнитель в стилях соул и ритм-энд-блюз. В США считается одним из наиболее значительных «истинно американских» музыкантов послевоенного времени. Рэю Чарльзу принадлежат около 70 альбомов грамзаписи. \r\nДата и место рождения: 23 сентября 1930 г., Олбани, Джорджия, США\r\nДата и место смерти: 10 июня 2004 г., Беверли-Хиллз, Калифорния, США\r\nНоминации: Премия «Грэмми» за лучший альбом года"}}, {"model": "music.singer", "pk": 4, "fields": {"first_name": "Юлия", "last_name": "Зиверт", "nickname": "Zivert", "photo": "singers/zivert.jpeg", "biography": "Zivert — российская поп-певица. Стала известна в 2017 году с песнями «Чак» и «Анестезия». Широкую популярность получила в конце 2018 года после выхода трека «Life»\r\nДата и место рождения: 28 ноября 1990 г. (возраст 32 года), Москва, Россия\r\nНоминации: MTV Europe Music Award в номинации «Лучший российский исполнитель»"}}, {"model": "music.singer", "pk": 5, "fields": {"first_name": "Адиль", "last_name": "Жалелов", "nickname": "Скриптонит", "photo": "singers/Adil.jpeg", "biography": "Скриптони́т — казахстанский исполнитель и музыкальный продюсер, основатель лейбла Musica36.\r\nДата и место рождения: 3 июня 1990 г. (возраст 33 года), Ленинский, Казахстан\r\nЗвукозаписывающие компании: Gazgolder, Musica36\r\nПолное имя: Адиль Оралбекович Жалелов"}}, {"model": "music.singer", "pk": 6, "fields": {"first_name": "Вольфганг Амадей", "last_name": "Моцарт", "nickname": "Mozart", "photo": "singers/Wolfgang-amadeus-mozart_1.jpg", "biography": "Во́льфганг Амаде́й Мо́царт — австрийский композитор и музыкант-виртуоз. Один из самых популярных классических композиторов, Моцарт оказал большое влияние на мировую музыкальную культуру. По свидетельству современников, Моцарт обладал феноменальным музыкальным слухом, памятью и способностью к импровизации.\r\nДата и место рождения: 27 января 1756 г., Mozart's Birthplace, Зальцбург, Австрия\r\nДата и место смерти: 5 декабря 1791 г., Mozart death house, Вена, Австрия"}}, {"model": "music.singer", "pk": 7, "fields": {"first_name": "Алдияр", "last_name": "Жапарханов", "nickname": null, "photo": "singers/Алдияр.png", "biography": "Участник группы «Ирина Кайратовна», сценарист, музыкант."}}, {"model": "music.singer", "pk": 8, "fields": {"first_name": "Илья", "last_name": "Гуменный", "nickname": null, "photo": "singers/Илья.jpg", "biography": "Участник группы ИК"}}, {"model": "music.singer", "pk": 9, "fields": {"first_name": "Жасулан", "last_name": "Онгаров", "nickname": null, "photo": "singers/Жасулан.png", "biography": "Участник группы ИК"}}, {"model": "music.singer", "pk": 10, "fields": {"first_name": "Улан", "last_name": "Кайраласов", "nickname": null, "photo": "singers/Улан.bmp", "biography": "Участник группы ИК"}}, {"model": "music.singer", "pk": 11, "fields": {"first_name": "Чон", "last_name": "Чонгук", "nickname": null, "photo": "singers/чонгук.jpeg", "biography": "Чон Чонгук — южнокорейский певец, автор песен и музыкальный продюсер. Является самым младшим участником и главным вокалистом и бой-бэнда BTS. Согласно данным Корейской ассоциации звукозаписывающих компаний, Джонгук является автором шести композиций в дискографии группы.\r\nДата и место рождения: 1 сентября 1997 г. (возраст 26 лет), Mandeok-dong, Бусан, Южная Корея\r\nСоавторы песен: Ви, RM, Шуга, Чин, Джей-Хоуп, Latto, Бан ШиХёк\r\nМузыкальная группа: BTS (с 2013 г.)"}}, {"model": "music.singer", "pk": 12, "fields": {"first_name": "Ким", "last_name": "Тхэхён", "nickname": "V", "photo": "singers/тхэхён.jpeg", "biography": "Ким Тхэхён — южнокорейский певец, автор песен и актёр. Является вокалистом бойбенда BTS. Согласно данным Корейской ассоциации звукозаписывающих компаний, Ви является автором десяти композиций в дискографии группы.\r\nДата и место рождения: 30 декабря 1995 г. (возраст 27 лет), Bisan-dong, Дэгу, Южная Корея\r\nСоавторы песен: Джонгук, Чимин, RM, Шуга, Чин, Джей-Хоуп\r\nРост: 1,79 м\r\nМузыкальная группа: BTS (с 2013 г.)"}}, {"model": "music.singer", "pk": 13, "fields": {"first_name": "Пак", "last_name": "Чимин", "nickname": null, "photo": "singers/чимин.jpeg", "biography": "Пак Чимин — южнокорейский певец, танцор и автор песен. Является вокалистом бойбенда BTS. Согласно данным Корейской ассоциации звукозаписывающих компаний, Чимин является автором пяти композиций в дискографии группы.\r\nДата и место рождения: 13 октября 1995 г. (возраст 28 лет), Hoedong-dong, Бусан, Южная Корея\r\nСоавторы песен: Ви, RM, Шуга, Чин, Джей-Хоуп, Тхэян\r\nРост: 1,74 м\r\nБратья: Пак Чихён\r\nМузыкальная группа: BTS (с 2013 г.)"}}, {"model": "music.singer", "pk": 14, "fields": {"first_name": "Мин", "last_name": "Юнги", "nickname": "Suga", "photo": "singers/юнги.jpeg", "biography": "Мин Юнги — южнокорейский рэпер, автор песен и звукозаписывающий продюсер. Наиболее известен как участник бойбенда BTS. Дебютировал как сольный артист с выпуском микстейпа Agust D под одноимённым сценическим псевдонимом 15 августа 2016 года.\r\nДата и место рождения: 9 марта 1993 г. (возраст 30 лет), Taejeon-dong\r\nСоавторы песен: Чимин, Джонгук, Джей-Хоуп, Чин, Ви, RM, Psy\r\nБратья: Мин Гым-джэ\r\nМузыкальная группа: BTS (с 2013 г.)\r\nРост: 1,74 м"}}, {"model": "music.singer", "pk": 15, "fields": {"first_name": "Ким", "last_name": "Сокчин", "nickname": null, "photo": "singers/сокчин.jpeg", "biography": "Ким Сокчин — южнокорейский певец и автор песен. Является самым старшим участником и вокалистом бойбенда BTS. Согласно данным Корейской ассоциации звукозаписывающих компаний, Чин является автором семи композиций в дискографии группы.\r\nДата и место рождения: 4 декабря 1992 г. (возраст 30 лет), Анян, Южная Корея\r\nСоавторы песен: Шуга, Джонгук, Джей-Хоуп, Ви, Чимин, RM\r\nБратья: Kim Seok-joong\r\nМузыкальная группа: BTS (с 2013 г.)\r\nРост: 1,79 м"}}, {"model": "music.singer", "pk": 16, "fields": {"first_name": "Ким", "last_name": "Намджун", "nickname": "RM", "photo": "singers/намджун.jpeg", "biography": "Ким Намджун — южнокорейский рэпер, автор песен и музыкальный продюсер. Намджун является лидером южнокорейской бойз-бэнда BTS. Намджун выпустил свой первый сольный микстейп RMв 2015 году, за которым последовал его второй микстейп Mono в 2018 году.\r\nДата и место рождения: 12 сентября 1994 г. (возраст 29 лет), Тонджакку, Сеул, Южная Корея\r\nСоавторы песен: BTS, Джонгук, Чимин, Ви, Шуга, Джей-Хоуп, Чин\r\nСестры: Ким Кёнг Мин\r\nМузыкальная группа: BTS (с 2013 г.)\r\nРост: 1,81 м\r\nЗвукозаписывающие компании: Big Hit Music, Pony Canyon"}}, {"model": "music.singer", "pk": 17, "fields": {"first_name": "Чон", "last_name": "Хосок", "nickname": "J-Hope", "photo": "singers/джей-хоуп.jpeg", "biography": "Чон Хосок — южнокорейский рэпер, певец, автор песен, танцор и музыкальный продюсер. Он дебютировал в качестве участника южнокорейского бойз-бэнда BTS в 2013 году под лейблом Big Hit Entertainment. J-hope выпустил свой первый сольный микстейп \"Hope World\" в 2018 году.\r\nДата и место рождения: 18 февраля 1994 г. (возраст 29 лет), Кванджу, Южная Корея\r\nСоавторы песен: Шуга, Чин, Джонгук, RM, Чимин, Ви, Бекки Джи\r\nСестры: Юнг Джи-ву\r\nМузыкальная группа: BTS (с 2013 г.)\r\nРост: 1,77 м"}}, {"model": "music.singer", "pk": 18, "fields": {"first_name": "Брайан", "last_name": "Мэй", "nickname": null, "photo": "singers/брайан.jpeg", "biography": "Сэр Брайан Га́рольд Мэй — британский рок-музыкант, гитарист группы Queen, автор многих хитов группы. Командор Ордена Британской империи, учёный-астрофизик, доктор философии. Основатель фонда в защиту животных «Save me».\r\nДата и место рождения: 19 июля 1947 г. (возраст 76 лет), Хамптон, Великобритания\r\nМузыкальные группы: Queen (с 1970 г.)"}}, {"model": "music.singer", "pk": 19, "fields": {"first_name": "Джон", "last_name": "Дикон", "nickname": null, "photo": "singers/дикон.jpeg", "biography": "Джон Ри́чард Ди́кон — британский музыкант, наиболее известный как бас-гитарист группы Queen. Дикон присоединился к Queen позже всех — в 1971 году. Также он являлся самым младшим участником группы.\r\nДата и место рождения: 19 августа 1951 г. (возраст 72 года), Лестер, Великобритания"}}, {"model": "music.singer", "pk": 20, "fields": {"first_name": "Роджер", "last_name": "Тейлор", "nickname": null, "photo": "singers/тейлор.jpeg", "biography": "Ро́джер Те́йлор — британский барабанщик, мультиинструменталист, автор песен, композитор, певец. Наиболее знаменит как участник группы Queen и солист The Cross. Как барабанщик широко известен своим «объёмным» уникальным звучанием и считается одним из самых влиятельных рок-ударников 1970-х и 80-х годов. Википедия\r\nДата и место рождения: 26 июля 1949 г. (возраст 74 года), Кинг Линн, Великобритания"}}, {"model": "music.singer", "pk": 21, "fields": {"first_name": "Майк", "last_name": "Гроуз", "nickname": null, "photo": "singers/гроуз.jpeg", "biography": "Майкл «Майк» Гроуз — английский бизнесмен, известен в большей степени как первый бас-гитарист британской рок-группы Queen. Также играл в «No Joke» с Тимом Стаффелом, после чего завязал с музыкой и открыл свою транспортную компанию.\r\nДата и место рождения: 16 марта 1941 г., Лондон, Великобритания\r\nДата и место смерти: 6 марта 2019 г., Лондон, Великобритания\r\nМузыкальная группа: Queen (1970 г. – 1970 г.)\r\nАльбомы: Queen Gold"}}, {"model": "music.singer", "pk": 22, "fields": {"first_name": "Даг", "last_name": "Боги", "nickname": null, "photo": "singers/боги.jpeg", "biography": "Даг Боги – это достаточно известное имя для фанатов группы Queen. Он был третьим и последним басистом (после Майка Гроуза и Берри Митчелла), до того, как Джон Дикон присоединился к группе, после чего началось волшебство. Даг был очень любезен, предоставив это эксклюзивное интервью итальянскому сообществу Queeniana."}}, {"model": "music.singer", "pk": 23, "fields": {"first_name": "Барри", "last_name": "Митчелл", "nickname": null, "photo": "singers/митчелл.jpeg", "biography": "Музыкальные группы: Queen (1970 г. – 1971 г.), Crushed Butler\r\nАльбомы: Queen Gold"}}, {"model": "music.group", "pk": 1, "fields": {"group_name": "Ирина Кайратовна", "photo": "groups/ИК.jpg", "biography": "«Ирина Кайратовна» — казахстанское творческое объединение, выпускающее музыкальный и юмористический контент.\r\nУчастники: Алдияр Жапарханов, Илья Гуменный, Жасулан Онгаров, Улан Кайраласов\r\nАльбомы: Adjare Gudju\r\nГоды: 2017 — наст. время\r\nЖанр: рэп", "created_date": "2017-05-19", "singer": [8, 9, 10, 7]}}, {"model": "music.group", "pk": 2, "fields": {"group_name": "BTS", "photo": "groups/bts.jpeg", "biography": "BTS — южнокорейский бой-бэнд, сформированный в 2013 году компанией Big Hit Entertainment. Коллектив состоит из семи участников: RM, Чина, Сюги, Джей-Хоупа, Чимина, Ви и Джонгука.\r\nЗвукозаписывающие компании: Big Hit Music\r\nНаграды: American Music Award в номинации «Исполнитель года»\r\nНачало карьеры: 2013 г.\r\nДругое название: Bangtan Boys; Bulletproof Boy Scouts; Beyond The Scene; Bangtan Sonyeondan", "created_date": "2013-06-13", "singer": [11, 12, 13, 14, 15, 16, 17]}}, {"model": "music.group", "pk": 3, "fields": {"group_name": "Queen", "photo": "groups/queen.jpg", "biography": "Queen — британская рок-группа, добившаяся широчайшей известности в середине 1970-х годов, и одна из наиболее успешных групп в истории рок-музыки. Средства массовой информации называют группу «культовой» и пишут, что она и по сей день имеет сотни миллионов поклонников.\r\nЖанры: хард-рок; глэм-рок поп-рок\r\nНоминации: Премия Brit Awards в номинации «Лучший британский сингл»\r\nЗвукозаписывающие компании: Parlophone, Capitol Records\r\nДругие проекты: Smile; The Cross; Queen + Paul Rodgers; Queen + Adam Lambert", "created_date": "1970-06-27", "singer": [2, 18, 19, 20, 21, 22, 23]}}, {"model": "music.genre", "pk": 1, "fields": {"name": "Поп", "slug": "pop"}}, {"model": "music.genre", "pk": 2, "fields": {"name": "Рэп", "slug": "rep"}}, {"model": "music.genre", "pk": 3, "fields": {"name": "Рок", "slug": "rok"}}, {"model": "music.genre", "pk": 4, "fields": {"name": "Джаз", "slug": "dzhaz"}}, {"model": "music.genre", "pk": 6, "fields": {"name": "Классика", "slug": "klassika"}}, {"model": "music.music", "pk": 1, "fields": {"title": "Black Swan", "group": 2, "public_date": "2020-01-17", "text_song": "[Intro: Jung Kook]\r\nDo your thang\r\nDo your thang with me now\r\nDo your thang\r\nDo your thang with me now\r\nWhat's my thang?\r\nWhat's my thang? Tell me now\r\nTell me now\r\nYeah, yeah, yeah, yeah\r\n\r\n[Verse 1: SUGA]\r\nAyy, the heart no longer races\r\nWhen the music starts to play\r\nTryna' pull up\r\nSeems like time has stopped\r\nOh, that would be my first death\r\nI been always afraid of\r\n\r\n[Verse 2: RM]\r\nIf this can no longer resonate\r\nNo longer make my heart vibrate\r\nThen like this may be how\r\nI die my first death\r\nBut what if that moment's right now?\r\nRight now\r\n\r\n[Pre-Chorus: V, Jimin]\r\nHeartbeat pulsing slow in my ears\r\nBump, bump, bump\r\nTrying to escape with no avail\r\nJump, jump, jump\r\nNo song affects me anymore\r\nCrying out a silent cry\r\n\r\n[Chorus: Jung Kook, Jimin, V, Jin]\r\nOcean with all light silenced shut, yeah, yeah, yeah\r\nMy wandering feet held in a rut, yeah, yeah, yeah\r\nEvery noise and sound's been cut, yeah, yeah, yeah\r\nKillin' me now, killin' me now\r\nDo you hear me? Yeah\r\nSinking slowly like in a trance, nah, nah, nah\r\nStruggle but it's all ocean floor, nah, nah\r\nEvery moment becomes eternity, yeah, yeah, yeah\r\nFilm it now, film it now\r\nDo you hear me? Yeah\r\n\r\n[Post-Chorus: Jimin, V]\r\nDo your thang\r\nDo your thang with me now\r\nDo your thang\r\nDo your thang with me now\r\nWhat's my thang?\r\nWhat's my thang? Tell me now\r\nTell me now\r\nYeah, yeah, yeah, yeah\r\n\r\n[Verse 3: j-hope]\r\nDeeper, yeah I think I'm goin' deeper\r\nI keep losing focus\r\nPlease free me\r\nLet my own feet carry me\r\nBut far within\r\nIn the deepest depths, I saw myself\r\n\r\n[Verse 4: SUGA]\r\nSlowly, I open my eyes\r\nI'm in my workroom, it's my studio\r\nThe darkness go darkly in a throe\r\nBut I'll never get dragged away again\r\nInside, I saw myself, myself\r\n\r\n[Pre-Chorus: Jung Kook, Jin]\r\nHeartbeat racing in my ears\r\nBump, bump, bump\r\nEyes wide open into my forest\r\nJump, jump, jump\r\nNothing can devour me\r\nI shout out with ferocity\r\n\r\n[Chorus: Jimin, V, Jin, Jung Kook]\r\nOcean with all light silenced shut, yeah, yeah, yeah\r\nMy wandering feet held in a rut, yeah, yeah, yeah\r\nEvery noise and sound's been cut, yeah, yeah, yeah\r\nKillin' me now, killin' me now\r\nDo you hear me? Yeah\r\nSinking slowly like in a trance, nah, nah, nah\r\nStruggle but it's all ocean floor, nah, nah\r\nEvery moment becomes eternity, yeah, yeah, yeah\r\nFilm it now, film it now\r\nDo you hear me? Yeah\r\n\r\n[Post-Chorus: Jin, Jimin]\r\nDo your thang\r\nDo your thang with me now\r\nDo your thang\r\nDo your thang with me now\r\nWhat's my thang?\r\nWhat's my thang? Tell me now\r\nTell me now\r\nYeah, yeah, yeah, yeah", "music": "music/black-swan-bts.m4a", "singer": [11, 12, 13, 14, 15, 16, 17], "genre": [1]}}, {"model": "music.music", "pk": 2, "fields": {"title": "We Will Rock You", "group": 3, "public_date": "1977-10-25", "text_song": "Buddy you're a boy make a big noise\r\nPlayin' in the street gonna be a big man some day\r\nYou got mud on yo' face\r\nYou big disgrace\r\nKickin' your can all over the place\r\nSingin'\r\n\r\nWe will we will rock you\r\nWe will we will rock you\r\n\r\nBuddy you're a young man hard man\r\nShoutin' in the street gonna take on the world some day\r\nYou got blood on yo' face\r\nYou big disgrace\r\nWavin' your banner all over the place\r\n\r\nWe will we will rock you\r\n(Sing it out!)\r\nWe will we will rock you\r\n\r\nBuddy you're an old man poor man\r\nPleadin' with your eyes gonna make you some peace some day\r\nYou got mud on your face\r\nBig disgrace\r\nSomebody better put you back into your place\r\n\r\nWe will we will rock you\r\n(Sing it!)\r\nWe will we will rock you\r\n\r\n(Everybody)\r\n\r\nWe will we will rock you\r\nWe will we will rock you\r\n\r\n(Alright)", "music": "music/we-will-rock-you-queen.m4a", "singer": [2, 18, 19, 20, 21, 22, 23], "genre": [3]}}, {"model": "music.music", "pk": 3, "fields": {"title": "5000", "group": 1, "public_date": "2020-12-29", "text_song": "Бітпейтін тастар, биттейтін бастар\r\nСен тиіспейтін зат бар\r\nЕшкім тш.. ешкімге айтпа\r\nОставь там это, а где твой план\r\nЧтобы все это заработало?\r\nГонишься за модой, ты стер все баррикады\r\nМои тараканы не спят, не спят уже давно\r\nМен тым кеттім арқымтап, жоқ, я не больной!\r\nОтстань, ты не доживешь до утро даже\r\nВсю дрянь, выкинуть здесь пора уже\r\nНет, это бред\r\nВедь ты под опекой демона\r\nНеосознанно все делаешь\r\nГде реагенты? Чекни глаза!\r\nВ кармане пятка и 5к\r\nТоқта!\r\nВ кармане пятка и 5к\r\nТоқта!\r\nВ кармане пятка и 5к\r\nТоқта!\r\nТам наполовину, как тирион\r\nВсе злые, будто бы учились в слизерин\r\nТез, тез тезірек\r\nНадо бы по бастрому отправить визаря (визаря)\r\nПолный фильм хотим по телевизору\r\nМало была нам, не хватило тизера\r\nРосписанные планы на стикерах (не презивай)\r\nРизлы за — ма — скированны под сигареты\r\nСуровые гризли убили конфеты эти\r\nЗабыли сантименты, притупили логику\r\nВ кармане только 5к на ход ноги\r\nМы с тобой не просто так учим биологию\r\nМы с тобой довольные\r\nВеки под свинцом — без паники\r\nЕсли углубляться, то помимо анатомии\r\nСегодня познакомисиь с ботаникой\r\nВ кармане пятка и 5к\r\nТоқта!\r\nВ кармане пятка и 5к\r\nТоқта!\r\nТікенектей тікелей эфирынды тек текелер көреді\r\nТебіренім теңге әкеледі, дегенмен\r\nӨскен жерім дегелең, қойып қойдым көлденең\r\nСөзім қайталайды бүкіл ел?\r\nМенде бәрі жақсы қалта толған баксы\r\nБүгін кешке не істеймін деп ауыртпаймын басты\r\nБізде чисто хасл — хули, жаспын!\r\nХули, кеттік бәрін таста!\r\nСондықтан да қазақстанда бір ғана банда\r\nБұл қазақи пропаганда\r\n5 мың қалтамда, қайдан тапсым да\r\nСенің қалаңда шайқалады орнынан\r\nАй саған да орын бар\r\nАй, армандар орындалды\r\nСоңында, сенбегендер сорындар\r\nҚалтамда тек қана 5к тоқта!\r\nВ кармане пятка и 5к\r\nТоқта!\r\nВ кармане пятка и 5к\r\nТоқта!", "music": "music/5000-ик.m4a", "singer": [8, 9, 10, 7], "genre": [2]}}, {"model": "music.music", "pk": 4, "fields": {"title": "Seven", "group": null, "public_date": "2023-07-14", "text_song": "Weight of the world on your shoulders\r\nI kiss your waist and ease your mind\r\nI must be favored to know ya\r\nI take my hands and trace your lines\r\n\r\nIt's the way that you can ride\r\nIt's the way that you can ride (oh-oh-oh-oh)\r\nThink I met you in another life\r\nSo break me off another time (oh-oh-oh-oh)\r\nYou wrap around me and you give me life\r\nAnd that's why night after night\r\nI'll be fuckin' you right\r\n\r\nMonday, Tuesday, Wednesday, Thursday, Friday, Saturday, Sunday (a week)\r\nMonday, Tuesday, Wednesday, Thursday, Friday, seven days a week\r\nEvery hour, every minute, every second, you know night after night\r\nI'll be fuckin' you right seven days a week\r\n\r\nYou love when I jump right in\r\nAll of me I'm offering\r\nShow you what devotion is\r\nDeeper than the ocean is\r\n\r\nWind it back, I'll take it slow\r\nLeave you with that afterglow\r\nShow you what devotion is\r\nDeeper than the ocean is\r\n\r\nIt's the way that you can ride\r\nIt's the way that you can ride (oh-oh-oh-oh)\r\nThink I met you in another life\r\nSo break me off another time (oh-oh-oh-oh)\r\nYou wrap around me and you give me life\r\nAnd that's why night after night\r\nI'll be fuckin' you right\r\n\r\nMonday, Tuesday, Wednesday, Thursday, Friday, Saturday, Sunday (a week)\r\nMonday, Tuesday, Wednesday, Thursday, Friday, seven days a week\r\nEvery hour, every minute, every second, you know night after night\r\nI'll be fuckin' you right seven days a week\r\n\r\nMonday, Tuesday, Wednesday, Thursday, Friday, Saturday, Sunday (a week)\r\nMonday, Tuesday, Wednesday, Thursday, Friday, seven days a week\r\nEvery hour, every minute, every second, you know night after night\r\nI'll be fuckin' you right seven days a week\r\n\r\n(Big Latto)\r\nTightly take control, tightly take his soul\r\nTake your phone and put it in the camera roll (uh)\r\nLeave them clothes at the door\r\nWhat you waiting for? Better come and hit ya goals\r\nUh, he jump in it both feet\r\nGoing to the Sun-up, we ain't gettin' no sleep\r\nSeven days a week, seven different sheets\r\nSeven different angles, I can be your fantasy\r\nOpen up, say: Ah\r\nCome here, baby, let me swallow your pride\r\nWhat you on? I can match your vibe\r\nHit me up and I'ma Cha Cha Slide\r\nYou make Mondays feel like weekends\r\nI make him never think about cheatin'\r\nGot you skippin' work and meetings\r\nFuck it, let's sleep in, yeah (seven days a week, ooh)\r\n\r\nMonday, Tuesday, Wednesday, Thursday, Friday, Saturday, Sunday (a week)\r\nMonday, Tuesday, Wednesday, Thursday, Friday, seven days a week\r\nEvery hour, every minute, every second, you know night after night\r\nI'll be fuckin' you right seven days a week\r\n\r\nMonday, Tuesday, Wednesday, Thursday, Friday, Saturday, Sunday (a week)\r\nMonday, Tuesday, Wednesday, Thursday, Friday, seven days a week\r\nEvery hour, every minute, every second, you know night after night\r\nI'll be fuckin' you right seven days a week", "music": "music/seven-bts.m4a", "singer": [11], "genre": [1]}}, {"model": "music.music", "pk": 5, "fields": {"title": "Bohemian Rhapsody", "group": 3, "public_date": "1975-10-31", "text_song": "Is this the real life? Is this just fantasy?\r\nCaught in a landslide, no escape from reality\r\nOpen your eyes, look up to the skies and see\r\nI'm just a poor boy, I need no sympathy\r\nBecause I'm easy come, easy go, little high, little low\r\nAny way the wind blows doesn't really matter to me, to me\r\nMama, just killed a man\r\nPut a gun against his head, pulled my trigger, now he's dead\r\nMama, life had just begun\r\nBut now I've gone and thrown it all away\r\nMama, ooh, didn't mean to make you cry\r\nIf I'm not back again this time tomorrow\r\nCarry on, carry on as if nothing really matters\r\nToo late, my time has come\r\nSends shivers down my spine, body's aching all the time\r\nGoodbye, everybody, I've got to go\r\nGotta leave you all behind and face the truth\r\nMama, ooh (any way the wind blows)\r\nI don't wanna die\r\nI sometimes wish I'd never been born at all\r\nI see a little silhouetto of a man\r\nScaramouche, Scaramouche, will you do the Fandango?\r\nThunderbolt and lightning, very, very frightening me\r\n(Galileo) Galileo, (Galileo) Galileo, Galileo Figaro, magnifico\r\nBut I'm just a poor boy, nobody loves me\r\nHe's just a poor boy from a poor family\r\nSpare him his life from this monstrosity\r\nEasy come, easy go, will you let me go?\r\nبِسْمِ ٱللَّٰهِ\r\nNo, we will not let you go (let him go)\r\nبِسْمِ ٱللَّٰهِ\r\nWe will not let you go (let him go)\r\nبِسْمِ ٱللَّٰهِ\r\nWe will not let you go (let me go)\r\nWill not let you go (let me go)\r\nNever, never, never, never let me go\r\nNo, no, no, no, no, no, no\r\nOh, mamma mia, mamma mia\r\nMamma mia, let me go\r\nBeelzebub has a devil put aside for me, for me, for me\r\nSo you think you can stone me and spit in my eye?\r\nSo you think you can love me and leave me to die?\r\nOh, baby, can't do this to me, baby\r\nJust gotta get out, just gotta get right outta here\r\nOoh\r\nOoh, yeah, ooh, yeah\r\nNothing really matters, anyone can see\r\nNothing really matters\r\nNothing really matters to me", "music": "music/bohemian-queen.m4a", "singer": [2, 18, 19, 20, 21, 22, 23], "genre": [3]}}, {"model": "music.music", "pk": 6, "fields": {"title": "Чина", "group": 1, "public_date": "2023-06-09", "text_song": "Самый настоящий, уровень с ума сводящий\r\nЗапах тащит, дальше он решает всё\r\nКак поселок городского типа в этом весь я\r\nМоя Азия качает мир, про батыра этот рассказ\r\nНас было трое, любое под силу\r\nКак тебе такое Маск Илон?\r\nЕсть жила узнать кто такой Чина?\r\nДаже капучино пахнет как мужчина\r\nДаже Аль Пачино хочет быть как Чина\r\nЧина-машина, Чина Чина Чина\r\nЧина - молодчина, Чина, не молчи на\r\nЧина, ты есть причина пахнуть как мужчина\r\nЧина братан в шапане\r\nКруто пахнет на коне\r\nУ него огромный план\r\nЧина братан Чингисхан\r\nСендер қанағаттандырылмағандықтарыңыздан\r\nСендер қанағаттандырылмағандықтарыңыздан\r\nСендер қанағаттандырылмағандықтарыңыздан\r\nСендер қанағаттандырылмағандықтарыңыздан\r\nКороче, Чинаны білсең болды\r\nҚұлақ салып тында Чина братандарыңды\r\nБәрін білетін ағаларым аман бол\r\nИісіне оның қыздар жатып алғандай\r\nҚалғаны и так таниды Чина братанды\r\nБәрі сыйлайды оны, бүкіл қалада\r\nНағыз жігіт деп осыны айт\r\nЕнді, Иісіне сай - оның астына тай керек\r\nИсіне сай, астына тай\r\nУайымдамаймын, аузыма май\r\nИсіне сай, астына тай\r\nУайымдамаймын, аузыма май\r\nЧина братан в шапане\r\nКруто пахнет на коне\r\nУ него огромный план\r\nЧина братан Чингисхан\r\nСендер қанағаттандырылмағандықтарыңыздан\r\nСендер қанағаттандырылмағандықтарыңыздан\r\nСендер қанағаттандырылмағандықтарыңыздан\r\nСендер қанағаттандырылмағандықтарыңыздан\r\nЧина братан очень сильно дерзкий\r\nДаже если MMA боец ты, жестко останешь\r\nЧина братан автор легендарной песни\r\nГоворил он как то что однажды хайпанешь\r\nЧина братан, оу, Чина братан, уау\r\nЧина братан Лю, Чина братан Кунг Лао\r\nАлып шығады любой проблемадан\r\nСондықтан денеңді қозға\r\nТам, здесь көз тимесін\r\nБратишка саған айтар кеңесім\r\nУверенно жүремін десең\r\nИісіне сай, астына тай\r\nМен жүретін жерде ice\r\nИіс десе жағам old spice\r\nТүсіндің ба братишка мені\r\nЭто моя фишка в полной мере\r\nЧина братан в шапане\r\nКруто пахнет на коне\r\nУ него огромный план\r\nЧина братан Чингисхан\r\nСендер қанағаттандырылмағандықтарыңыздан\r\nСендер қанағаттандырылмағандықтарыңыздан\r\nСендер қанағаттандырылмағандықтарыңыздан\r\nСендер қанағаттандырылмағандықтарыңыздан", "music": "music/чина-ик.m4a", "singer": [8, 9, 10, 7], "genre": [2]}}, {"model": "music.music", "pk": 7, "fields": {"title": "Credo", "group": null, "public_date": "2019-09-20", "text_song": "Если не по себе\r\nЗначит не с тем\r\nЗначит не там мы наедине\r\nШум от пленки кассет\r\nОбратный билет\r\nМолча уйти так будет проще всем\r\n\r\nПишем кратко\r\nНепонятно\r\nПричесал сам\r\nСвою правду\r\nНа пол жемчуг\r\nМне не легче\r\nЭтот вечер\r\nБесконечный\r\n\r\nКаждому по факту\r\nРядом нужен человек\r\nНо бывает так что\r\nОдиноким лучше всех\r\nКаждому по факту\r\nРядом нужен человек\r\nЭто так абстрактно\r\nЭто бабочки эффект\r\nКаждому по факту\r\nРядом нужен человек\r\nНо бывает так что\r\nОдиноким лучше всех\r\nКаждому по факту\r\nРядом нужен человек\r\nЭто так абстрактно\r\nЭто бабочки эффект\r\n\r\nЕле шепчет\r\nМне о вечном\r\nРассыпая\r\nНаши мечты\r\nЕсли в сердце\r\nОбщежитье\r\nМне не место\r\nМне не быть там\r\n\r\nЕсли не по себе\r\nЗначит не с тем\r\nЗначит не там мы наедине\r\nШум от пленки кассет\r\nОбратный билет\r\nМолча уйти так будет проще всем\r\n\r\nКаждому по факту\r\nРядом нужен человек\r\nНо бывает так что\r\nОдиноким лучше всех\r\nКаждому по факту\r\nРядом нужен человек\r\nЭто так абстрактно\r\nЭто бабочки эффект\r\nКаждому по факту\r\nРядом нужен человек\r\nНо бывает так что\r\nОдиноким лучше всех\r\nКаждому по факту\r\nРядом нужен человек\r\nЭто так абстрактно\r\nЭто бабочки эффект", "music": "music/credo-zivert.m4a", "singer": [4], "genre": [1]}}, {"model": "music.music", "pk": 8, "fields": {"title": "Положение", "group": null, "public_date": "2017-12-16", "text_song": "Здесь я рос и делал то, что умел делать, либо\r\nЯ просто совру, я просто совру, я просто совру\r\nЗдесь я рос и делал то, что умел делать, либо\r\nЯ просто совру, сказав, что здесь был выбор\r\nУ меня была мечта, и было не до их ёбаных игр\r\nЯ всего лишь хотел воплотить её\r\nТихо, как падал как снег, падал весь квартал\r\nМы падали на полпути во сне в поисках нала\r\nЯ с падалью жёг из пяти на все десять баллов\r\nМы не жаловались, даже когда слетало ебало, нее\r\nНа сраных листах мои детские обиды\r\nМой дерзкий, забытый работами папа не подавал виду\r\nЧто бедность уже здесь, и что она просто ебала Фемиду\r\nНахуй время долгов, пришло время кредитов\r\nДа, теперь у нас каждый день как день рождения\r\nМы купим большой плоский телек в воскресенье\r\nСыграем детям свадьбу в дорогом заведении\r\nВозьмём ещё один на сестру, кредит наше спасенье\r\nКаждый делал то, что мог, либо\r\nЯ просто совру, сказав, что здесь был выбор\r\nУ меня была мечта и никаких ёбаных игр\r\nЯ всего лишь хотел воплотить её\r\nДорогая, тебе не нужны такие отношения\r\nТы говоришь: \"Я не уверена, что ты сможешь обеспечить продолжение\"\r\nЯ люблю тебя\r\nЯ люблю тебя так же сильно, но есть другие предложения\r\nЯ верю в твоё дело, но я сомневаюсь\r\nЧто ты сможешь изменить положение\r\nЧё бля, смотри\r\nТеперь мой каждый день как день рожденья (как день рожденья)\r\nЯ всё ещё помню всё твоё презрение (я помню всё)\r\nМне, как и сегодня, не надо было знать твоё ёбаное мненье\r\nТы приползла ко мне на стёртых коленях\r\nЧё бля, смотри\r\nТы больше не выльешь в раковину мой коньяк\r\n(Ты больше не выпьешь не единой капли меня)\r\nТы больше не выпьешь не единой капли меня\r\nВедь я больше не та безмозглая алкашня\r\nТвои соц. стереотипы — твоя западня\r\nПокажи мне тех новых двух\r\n(Смотри на меня!) Нет, покажи мне всех новых сук\r\n(Смотри на меня!) Они не понимают вообще, что несут\r\n(Смотри на меня!) Вокруг столько шума\r\nЧто как будто даже мой дом пасут\r\nДавай же, проверь это, проверь это, проверь это\r\nТы в курсе, как в моей шкуре? Ты в курсе, как в моей шкуре?\r\nДавай же, проверь это, проверь это, проверь это\r\nТы в курсе? Как в моей шкуре, как в моей шкуре? Давай же!", "music": "music/положение-скриптонит.m4a", "singer": [5], "genre": [2]}}, {"model": "music.music", "pk": 9, "fields": {"title": "Hit the road Jack", "group": null, "public_date": "1961-10-01", "text_song": "[Intro]\r\n\r\n[Chorus: The Raelettes & Ray Charles]\r\nHit the road, Jack, and don't ya come back\r\nNo more, no more, no more, no more\r\nHit the road, Jack, and don't ya come back no more\r\nWhat'd you say?\r\nHit the road, Jack, and don't ya come back\r\nNo more, no more, no more, no more\r\nHit the road, Jack, and don't ya come back no more\r\n\r\n[Verse 1: Ray Charles & The Raelettes]\r\nOld woman, old woman, don't treat me so mean\r\nYou're the meanest old woman that I've ever seen\r\nI guess if you say so\r\nI'll have to pack my things and go (That's right)\r\n\r\n[Chorus: The Raelettes & Ray Charles]\r\nHit the road, Jack, and don't ya come back\r\nNo more, no more, no more, no more\r\nHit the road, Jack, and don't ya come back no more\r\nWhat'd you say?\r\nHit the road, Jack, and don't ya come back\r\nNo more, no more, no more, no more\r\nHit the road, Jack, and don't ya come back no more\r\n\r\n[Verse 2: Ray Charles & The Raelettes]\r\nNow, baby, listen, baby, don't you treat me this way\r\n'Cause I'll be back on my feet some day\r\nDon't care if you do, cause it's understood\r\nYou ain't got no money, you just a no good\r\nWell, I guess if you say so\r\nI'll have to pack my things and go (That's right)\r\n\r\n[Chorus: The Raelettes & Ray Charles]\r\nHit the road, Jack, and don't ya come back\r\nNo more, no more, no more, no more\r\nHit the road, Jack, and don't ya come back no more\r\nWhat'd you say?\r\nHit the road, Jack, and don't ya come back\r\nNo more, no more, no more, no more\r\nHit the road, Jack, and don't ya come back no more\r\n\r\n[Outro: Ray Charles & The Raelettes]\r\nWell (Don't ya come back no more)\r\nUh, what'd you say? (Don't ya come back no more)\r\nI didn't understand you (Don't ya come back no more)\r\nYou can't mean that (Don't ya come back no more)\r\nOh, now, baby, please (Don't ya come back no more)\r\nWhat you're trying to do to me? (Don't ya come back no more)", "music": "music/hit_the_road_jack-ray_charles.m4a", "singer": [3], "genre": [4]}}, {"model": "music.music", "pk": 10, "fields": {"title": "Eine kleine Nachtmusik", "group": null, "public_date": "1787-11-27", "text_song": "", "music": "music/eine_kleine_nachtmusik-mozart.m4a", "singer": [6], "genre": [6]}}, {"model": "news.photo", "pk": 1, "fields": {"image": "news/скриптонит-новость.webp", "title": "Default Title"}}, {"model": "news.photo", "pk": 2, "fields": {"image": "news/скрип-новость.jpg", "title": "Default Title"}}, {"model": "news.photo", "pk": 3, "fields": {"image": "news/скрип-3.png", "title": "Скрип-3"}}, {"model": "news.photo", "pk": 4, "fields": {"image": "news/ик-1.jpg", "title": "ик-1"}}, {"model": "news.photo", "pk": 5, "fields": {"image": "news/zivert-1.jpg", "title": "zivert-1"}}, {"model": "news.photo", "pk": 6, "fields": {"image": "news/bts-1.webp", "title": "bts-1"}}]